Workbook
Name TipoDeContenido: mDatos!$B$3:$B$9
Name Control: mDatos!$J$3:$J$5
Name Relevancia: mDatos!$H$3:$H$6
Name Actualidad: mDatos!$F$3:$F$6
Name Accesibilidad: mDatos!$D$3:$D$6

Sheet mDatos
B2: Tipo de contenido | D2: Accesibilidad | F2: Actualidad | H2: Relevancia | J2: Control
B3: Red social | D3: Público | F3: Actual (<1 año) | H3: Alta (definitivamente soy yo) | I3: 1 | J3: Total (puedo modificar/eliminar) | K3: 0.2
B4: Imagen | D4: Requiere registro | F4: Reciente (1-3 años) | H4: Media (probablemente soy yo) | I4: 0.5 | J4: Parcial (puedo solicitar cambios) | K4: 0.5
B5: Noticia | D5: Requiere login | F5: Antiguo (>3 años) | H5: Baja (podría no ser yo) | I5: 0.25 | J5: Nulo (no puedo modificar) | K5: 1
B6: Foro/Comentario | D6: De pago | F6: Desconocida | H6: Nula (no soy yo) | I6: 0.1
B7: Documento
B8: Video
B9: Otro

Sheet IndiceDeExposición
B2: Índice de exposición | D2: =iferror(AVERAGE(O5:O14),"") -> 0.7625
B4: ID | C4: Término Buscado | D4: Buscador | E4: URL | F4: Tipo de Contenido | G4: Accesibilidad | H4: Actualidad | I4: Relevancia | J4: Control | K4: Observaciones | M4: R | N4: C | O4: R*C
B5: =if(len(C5)>0,row()-4,"") -> 1 | C5: Daniela Morán García Torrelavega | D5: Google | E5: https://eoitorrelavega.es/wp-content/uploads/2022/04/Lista-admitidos-matricula-libre-21-22.pdf | F5: Documento | G5: Público | H5: Reciente (1-3 años) | I5: Alta (definitivamente soy yo) | J5: Nulo (no puedo modificar) | M5: =iferror(VLOOKUP(I5,mDatos!$H$3:$I$6,2,false),"") -> 1 | N5: =iferror(VLOOKUP(J5,mDatos!$J$3:$K$5,2,false),"") -> 1 | O5: =if(len(C5)*len(M5)*len(N5)>0,M5*N5,"") -> 1
B6: 2 | C6: Daniela Morán García | D6: Bing | E6: https://es.pinterest.com/danielamorngarca/ | F6: Red social | G6: Requiere login | H6: Antiguo (>3 años) | I6: Alta (definitivamente soy yo) | J6: Parcial (puedo solicitar cambios) | M6: =iferror(VLOOKUP(I6,mDatos!$H$3:$I$6,2,false)+countif(I$5:I5,I6)*0.05,"") -> 1.05 | N6: =iferror(VLOOKUP(J6,mDatos!$J$3:$K$5,2,false),"") -> 0.5 | O6: =if(len(C6)*len(M6)*len(N6)>0,M6*N6,"") -> 0.525
M7: =iferror(VLOOKUP(I7,mDatos!$H$3:$I$6,2,false)+countif(I$5:I6,I7)*0.05,"") | N7: =iferror(VLOOKUP(J7,mDatos!$J$3:$K$5,2,false),"") | O7: =if(len(C7)*len(M7)*len(N7)>0,M7*N7,"")
B8: =if(len(C8)>0,row()-4,"") | M8: =iferror(VLOOKUP(I8,mDatos!$H$3:$I$6,2,false)+countif(I$5:I7,I8)*0.05,"") | N8: =iferror(VLOOKUP(J8,mDatos!$J$3:$K$5,2,false),"") | O8: =if(len(C8)*len(M8)*len(N8)>0,M8*N8,"")
B9: =if(len(C9)>0,row()-4,"") | M9: =iferror(VLOOKUP(I9,mDatos!$H$3:$I$6,2,false)+countif(I$5:I8,I9)*0.05,"") | N9: =iferror(VLOOKUP(J9,mDatos!$J$3:$K$5,2,false),"") | O9: =if(len(C9)*len(M9)*len(N9)>0,M9*N9,"")
B10: =if(len(C10)>0,row()-4,"") | M10: =iferror(VLOOKUP(I10,mDatos!$H$3:$I$6,2,false)+countif(I$5:I9,I10)*0.05,"") | N10: =iferror(VLOOKUP(J10,mDatos!$J$3:$K$5,2,false),"") | O10: =if(len(C10)*len(M10)*len(N10)>0,M10*N10,"")
B11: =if(len(C11)>0,row()-4,"") | M11: =iferror(VLOOKUP(I11,mDatos!$H$3:$I$6,2,false)+countif(I$5:I10,I11)*0.05,"") | N11: =iferror(VLOOKUP(J11,mDatos!$J$3:$K$5,2,false),"") | O11: =if(len(C11)*len(M11)*len(N11)>0,M11*N11,"")
B12: =if(len(C12)>0,row()-4,"") | M12: =iferror(VLOOKUP(I12,mDatos!$H$3:$I$6,2,false)+countif(I$5:I11,I12)*0.05,"") | N12: =iferror(VLOOKUP(J12,mDatos!$J$3:$K$5,2,false),"") | O12: =if(len(C12)*len(M12)*len(N12)>0,M12*N12,"")
B13: =if(len(C13)>0,row()-4,"") | M13: =iferror(VLOOKUP(I13,mDatos!$H$3:$I$6,2,false)+countif(I$5:I12,I13)*0.05,"") | N13: =iferror(VLOOKUP(J13,mDatos!$J$3:$K$5,2,false),"") | O13: =if(len(C13)*len(M13)*len(N13)>0,M13*N13,"")
B14: =if(len(C14)>0,row()-4,"") | M14: =iferror(VLOOKUP(I14,mDatos!$H$3:$I$6,2,false)+countif(I$5:I13,I14)*0.05,"") | N14: =iferror(VLOOKUP(J14,mDatos!$J$3:$K$5,2,false),"") | O14: =if(len(C14)*len(M14)*len(N14)>0,M14*N14,"")
